[
  {
    "anonymous": false,
    "inputs": [
      {
        "indexed": true,
        "internalType": "address",
        "name": "previousOwner",
        "type": "address"
      },
      {
        "indexed": true,
        "internalType": "address",
        "name": "newOwner",
        "type": "address"
      }
    ],
    "name": "OwnershipTransferred",
    "type": "event"
  },
  {
    "anonymous": false,
    "inputs": [
      {
        "indexed": true,
        "internalType": "address",
        "name": "bridge",
        "type": "address"
      }
    ],
    "name": "UpdateBridge",
    "type": "event"
  },
  {
    "anonymous": false,
    "inputs": [
      {
        "components": [
          {
            "internalType": "int128",
            "name": "wid",
            "type": "int128"
          },
          {
            "internalType": "uint256",
            "name": "addr",
            "type": "uint256"
          }
        ],
        "indexed": false,
        "internalType": "struct IEverscale.EverscaleAddress",
        "name": "configuration",
        "type": "tuple"
      }
    ],
    "name": "UpdateConfiguration",
    "type": "event"
  },
  {
    "inputs": [],
    "name": "bridge",
    "outputs": [
      {
        "internalType": "address",
        "name": "",
        "type": "address"
      }
    ],
    "stateMutability": "view",
    "type": "function"
  },
  {
    "inputs": [
      {
        "internalType": "bytes32",
        "name": "",
        "type": "bytes32"
      }
    ],
    "name": "cache",
    "outputs": [
      {
        "internalType": "bool",
        "name": "",
        "type": "bool"
      }
    ],
    "stateMutability": "view",
    "type": "function"
  },
  {
    "inputs": [],
    "name": "configuration",
    "outputs": [
      {
        "internalType": "int128",
        "name": "wid",
        "type": "int128"
      },
      {
        "internalType": "uint256",
        "name": "addr",
        "type": "uint256"
      }
    ],
    "stateMutability": "view",
    "type": "function"
  },
  {
    "inputs": [
      {
        "internalType": "bytes",
        "name": "payload",
        "type": "bytes"
      }
    ],
    "name": "decodeEthActionsEventData",
    "outputs": [
      {
        "internalType": "int8",
        "name": "_wid",
        "type": "int8"
      },
      {
        "internalType": "uint256",
        "name": "_addr",
        "type": "uint256"
      },
      {
        "internalType": "uint32",
        "name": "chainId",
        "type": "uint32"
      },
      {
        "components": [
          {
            "internalType": "uint256",
            "name": "value",
            "type": "uint256"
          },
          {
            "internalType": "uint160",
            "name": "target",
            "type": "uint160"
          },
          {
            "internalType": "string",
            "name": "signature",
            "type": "string"
          },
          {
            "internalType": "bytes",
            "name": "data",
            "type": "bytes"
          }
        ],
        "internalType": "struct IDAO.EthAction[]",
        "name": "actions",
        "type": "tuple[]"
      }
    ],
    "stateMutability": "pure",
    "type": "function"
  },
  {
    "inputs": [
      {
        "internalType": "bytes",
        "name": "payload",
        "type": "bytes"
      },
      {
        "internalType": "bytes[]",
        "name": "signatures",
        "type": "bytes[]"
      }
    ],
    "name": "execute",
    "outputs": [
      {
        "internalType": "bytes[]",
        "name": "responses",
        "type": "bytes[]"
      }
    ],
    "stateMutability": "nonpayable",
    "type": "function"
  },
  {
    "inputs": [],
    "name": "getChainID",
    "outputs": [
      {
        "internalType": "uint256",
        "name": "",
        "type": "uint256"
      }
    ],
    "stateMutability": "view",
    "type": "function"
  },
  {
    "inputs": [
      {
        "internalType": "address",
        "name": "_owner",
        "type": "address"
      },
      {
        "internalType": "address",
        "name": "_bridge",
        "type": "address"
      }
    ],
    "name": "initialize",
    "outputs": [],
    "stateMutability": "nonpayable",
    "type": "function"
  },
  {
    "inputs": [],
    "name": "owner",
    "outputs": [
      {
        "internalType": "address",
        "name": "",
        "type": "address"
      }
    ],
    "stateMutability": "view",
    "type": "function"
  },
  {
    "inputs": [],
    "name": "renounceOwnership",
    "outputs": [],
    "stateMutability": "nonpayable",
    "type": "function"
  },
  {
    "inputs": [
      {
        "internalType": "address",
        "name": "_bridge",
        "type": "address"
      }
    ],
    "name": "setBridge",
    "outputs": [],
    "stateMutability": "nonpayable",
    "type": "function"
  },
  {
    "inputs": [
      {
        "components": [
          {
            "internalType": "int128",
            "name": "wid",
            "type": "int128"
          },
          {
            "internalType": "uint256",
            "name": "addr",
            "type": "uint256"
          }
        ],
        "internalType": "struct IEverscale.EverscaleAddress",
        "name": "_configuration",
        "type": "tuple"
      }
    ],
    "name": "setConfiguration",
    "outputs": [],
    "stateMutability": "nonpayable",
    "type": "function"
  },
  {
    "inputs": [
      {
        "internalType": "address",
        "name": "newOwner",
        "type": "address"
      }
    ],
    "name": "transferOwnership",
    "outputs": [],
    "stateMutability": "nonpayable",
    "type": "function"
  }
]
